Year,Locationabbr,Locationdesc,Class,Topic,Question,Response,Break_Out,Break_Out_Category,Sample_Size,Data_value,Confidence_limit_Low,Confidence_limit_High,Display_order,Data_value_unit,Data_value_type,Data_Value_Footnote_Symbol,Data_Value_Footnote,DataSource,ClassId,TopicId,LocationID,BreakoutID,BreakOutCategoryID,QuestionID,ResponseID,GeoLocation
2014,AL,Alabama,Demographics,Education,What is the highest grade or year of school you completed?,Less than H.S.,Overall,Overall,"1,063",17.4,16.1,18.7,"1,727",%,Crude Prevalence,,,BRFSS,CLASS05,Topic21,01,BO1,CAT1,EDUCA,RESP021,"(32.84057112200048, -86.63186076199969)"
2014,AL,Alabama,Demographics,Education,What is the highest grade or year of school you completed?,H.S. or G.E.D.,Overall,Overall,"2,756",31,29.6,32.4,"1,728",%,Crude Prevalence,,,BRFSS,CLASS05,Topic21,01,BO1,CAT1,EDUCA,RESP022,"(32.84057112200048, -86.63186076199969)"
2014,AL,Alabama,Demographics,Education,What is the highest grade or year of school you completed?,Some post-H.S.,Overall,Overall,"2,470",31.2,29.8,32.6,"1,729",%,Crude Prevalence,,,BRFSS,CLASS05,Topic21,01,BO1,CAT1,EDUCA,RESP023,"(32.84057112200048, -86.63186076199969)"
2014,AL,Alabama,Demographics,Education,What is the highest grade or year of school you completed?,College+,Overall,Overall,"2,327",20.4,19.4,21.5,"1,730",%,Crude Prevalence,,,BRFSS,CLASS05,Topic21,01,BO1,CAT1,EDUCA,RESP024,"(32.84057112200048, -86.63186076199969)"
2014,AK,Alaska,Demographics,Education,What is the highest grade or year of school you completed?,Less than H.S.,Overall,Overall,232,9.7,8.1,11.2,"1,722",%,Crude Prevalence,,,BRFSS,CLASS05,Topic21,02,BO1,CAT1,EDUCA,RESP021,"(64.84507995700051, -147.72205903599973)"
2014,AK,Alaska,Demographics,Education,What is the highest grade or year of school you completed?,H.S. or G.E.D.,Overall,Overall,"1,119",28.3,26.4,30.2,"1,723",%,Crude Prevalence,,,BRFSS,CLASS05,Topic21,02,BO1,CAT1,EDUCA,RESP022,"(64.84507995700051, -147.72205903599973)"
2014,AK,Alaska,Demographics,Education,What is the highest grade or year of school you completed?,Some post-H.S.,Overall,Overall,"1,289",37.9,35.8,40,"1,724",%,Crude Prevalence,,,BRFSS,CLASS05,Topic21,02,BO1,CAT1,EDUCA,RESP023,"(64.84507995700051, -147.72205903599973)"
2014,AK,Alaska,Demographics,Education,What is the highest grade or year of school you completed?,College+,Overall,Overall,"1,706",24.1,22.6,25.6,"1,725",%,Crude Prevalence,,,BRFSS,CLASS05,Topic21,02,BO1,CAT1,EDUCA,RESP024,"(64.84507995700051, -147.72205903599973)"
2014,AZ,Arizona,Demographics,Education,What is the highest grade or year of school you completed?,Less than H.S.,Overall,Overall,"1,129",15.4,14.2,16.6,"1,730",%,Crude Prevalence,,,BRFSS,CLASS05,Topic21,04,BO1,CAT1,EDUCA,RESP021,"(34.865970280000454, -111.76381127699972)"
2014,AZ,Arizona,Demographics,Education,What is the highest grade or year of school you completed?,H.S. or G.E.D.,Overall,Overall,"3,464",25.5,24.3,26.7,"1,731",%,Crude Prevalence,,,BRFSS,CLASS05,Topic21,04,BO1,CAT1,EDUCA,RESP022,"(34.865970280000454, -111.76381127699972)"
2014,AZ,Arizona,Demographics,Education,What is the highest grade or year of school you completed?,Some post-H.S.,Overall,Overall,"4,417",35.2,33.9,36.5,"1,732",%,Crude Prevalence,,,BRFSS,CLASS05,Topic21,04,BO1,CAT1,EDUCA,RESP023,"(34.865970280000454, -111.76381127699972)"
2014,AZ,Arizona,Demographics,Education,What is the highest grade or year of school you completed?,College+,Overall,Overall,"5,706",23.9,22.9,24.8,"1,733",%,Crude Prevalence,,,BRFSS,CLASS05,Topic21,04,BO1,CAT1,EDUCA,RESP024,"(34.865970280000454, -111.76381127699972)"
2014,AR,Arkansas,Demographics,Education,What is the highest grade or year of school you completed?,Less than H.S.,Overall,Overall,604,16.8,14.9,18.7,"1,725",%,Crude Prevalence,,,BRFSS,CLASS05,Topic21,05,BO1,CAT1,EDUCA,RESP021,"(34.74865012400045, -92.27449074299966)"
2014,AR,Arkansas,Demographics,Education,What is the highest grade or year of school you completed?,H.S. or G.E.D.,Overall,Overall,"1,860",35,33,37.1,"1,726",%,Crude Prevalence,,,BRFSS,CLASS05,Topic21,05,BO1,CAT1,EDUCA,RESP022,"(34.74865012400045, -92.27449074299966)"
2014,AR,Arkansas,Demographics,Education,What is the highest grade or year of school you completed?,Some post-H.S.,Overall,Overall,"1,391",30,28,32,"1,727",%,Crude Prevalence,,,BRFSS,CLASS05,Topic21,05,BO1,CAT1,EDUCA,RESP023,"(34.74865012400045, -92.27449074299966)"
2014,AR,Arkansas,Demographics,Education,What is the highest grade or year of school you completed?,College+,Overall,Overall,"1,347",18.2,16.9,19.6,"1,728",%,Crude Prevalence,,,BRFSS,CLASS05,Topic21,05,BO1,CAT1,EDUCA,RESP024,"(34.74865012400045, -92.27449074299966)"
2014,CA,California,Demographics,Education,What is the highest grade or year of school you completed?,Less than H.S.,Overall,Overall,"1,084",19.1,17.9,20.3,"1,730",%,Crude Prevalence,,,BRFSS,CLASS05,Topic21,06,BO1,CAT1,EDUCA,RESP021,"(37.63864012300047, -120.99999953799971)"
2014,CA,California,Demographics,Education,What is the highest grade or year of school you completed?,H.S. or G.E.D.,Overall,Overall,"1,585",21.8,20.6,22.9,"1,731",%,Crude Prevalence,,,BRFSS,CLASS05,Topic21,06,BO1,CAT1,EDUCA,RESP022,"(37.63864012300047, -120.99999953799971)"
2014,CA,California,Demographics,Education,What is the highest grade or year of school you completed?,Some post-H.S.,Overall,Overall,"2,230",31.9,30.6,33.2,"1,732",%,Crude Prevalence,,,BRFSS,CLASS05,Topic21,06,BO1,CAT1,EDUCA,RESP023,"(37.63864012300047, -120.99999953799971)"
2014,CA,California,Demographics,Education,What is the highest grade or year of school you completed?,College+,Overall,Overall,"3,680",27.3,26.2,28.4,"1,733",%,Crude Prevalence,,,BRFSS,CLASS05,Topic21,06,BO1,CAT1,EDUCA,RESP024,"(37.63864012300047, -120.99999953799971)"
2014,CO,Colorado,Demographics,Education,What is the highest grade or year of school you completed?,Less than H.S.,Overall,Overall,767,10.8,9.9,11.7,"1,729",%,Crude Prevalence,,,BRFSS,CLASS05,Topic21,08,BO1,CAT1,EDUCA,RESP021,"(38.843840757000464, -106.13361092099967)"
2014,CO,Colorado,Demographics,Education,What is the highest grade or year of school you completed?,H.S. or G.E.D.,Overall,Overall,"3,120",22.9,22,23.9,"1,730",%,Crude Prevalence,,,BRFSS,CLASS05,Topic21,08,BO1,CAT1,EDUCA,RESP022,"(38.843840757000464, -106.13361092099967)"
2014,CO,Colorado,Demographics,Education,What is the highest grade or year of school you completed?,Some post-H.S.,Overall,Overall,"3,630",32.9,31.8,34,"1,731",%,Crude Prevalence,,,BRFSS,CLASS05,Topic21,08,BO1,CAT1,EDUCA,RESP023,"(38.843840757000464, -106.13361092099967)"
2014,CO,Colorado,Demographics,Education,What is the highest grade or year of school you completed?,College+,Overall,Overall,"5,791",33.4,32.5,34.3,"1,732",%,Crude Prevalence,,,BRFSS,CLASS05,Topic21,08,BO1,CAT1,EDUCA,RESP024,"(38.843840757000464, -106.13361092099967)"
2014,CT,Connecticut,Demographics,Education,What is the highest grade or year of school you completed?,Less than H.S.,Overall,Overall,517,11.6,10.4,12.8,"1,718",%,Crude Prevalence,,,BRFSS,CLASS05,Topic21,09,BO1,CAT1,EDUCA,RESP021,"(41.56266102000046, -72.64984095199964)"
2014,CT,Connecticut,Demographics,Education,What is the highest grade or year of school you completed?,H.S. or G.E.D.,Overall,Overall,"1,837",27.9,26.5,29.4,"1,719",%,Crude Prevalence,,,BRFSS,CLASS05,Topic21,09,BO1,CAT1,EDUCA,RESP022,"(41.56266102000046, -72.64984095199964)"
2014,CT,Connecticut,Demographics,Education,What is the highest grade or year of school you completed?,Some post-H.S.,Overall,Overall,"1,742",27.6,26.1,29.1,"1,720",%,Crude Prevalence,,,BRFSS,CLASS05,Topic21,09,BO1,CAT1,EDUCA,RESP023,"(41.56266102000046, -72.64984095199964)"
2014,CT,Connecticut,Demographics,Education,What is the highest grade or year of school you completed?,College+,Overall,Overall,"3,777",32.9,31.5,34.2,"1,721",%,Crude Prevalence,,,BRFSS,CLASS05,Topic21,09,BO1,CAT1,EDUCA,RESP024,"(41.56266102000046, -72.64984095199964)"
2014,DE,Delaware,Demographics,Education,What is the highest grade or year of school you completed?,Less than H.S.,Overall,Overall,401,13.4,11.7,15,"1,723",%,Crude Prevalence,,,BRFSS,CLASS05,Topic21,10,BO1,CAT1,EDUCA,RESP021,"(39.008830667000495, -75.57774116799965)"
2014,DE,Delaware,Demographics,Education,What is the highest grade or year of school you completed?,H.S. or G.E.D.,Overall,Overall,"1,275",31.5,29.4,33.5,"1,724",%,Crude Prevalence,,,BRFSS,CLASS05,Topic21,10,BO1,CAT1,EDUCA,RESP022,"(39.008830667000495, -75.57774116799965)"
2014,DE,Delaware,Demographics,Education,What is the highest grade or year of school you completed?,Some post-H.S.,Overall,Overall,"1,039",29.1,27,31.2,"1,725",%,Crude Prevalence,,,BRFSS,CLASS05,Topic21,10,BO1,CAT1,EDUCA,RESP023,"(39.008830667000495, -75.57774116799965)"
2014,DE,Delaware,Demographics,Education,What is the highest grade or year of school you completed?,College+,Overall,Overall,"1,546",26.1,24.4,27.7,"1,726",%,Crude Prevalence,,,BRFSS,CLASS05,Topic21,10,BO1,CAT1,EDUCA,RESP024,"(39.008830667000495, -75.57774116799965)"
2014,DC,District of Columbia,Demographics,Education,What is the highest grade or year of school you completed?,Less than H.S.,Overall,Overall,257,12,9.9,14.2,"1,712",%,Crude Prevalence,,,BRFSS,CLASS05,Topic21,11,BO1,CAT1,EDUCA,RESP021,"(38.89037138500049, -77.03196112699965)"
2014,DC,District of Columbia,Demographics,Education,What is the highest grade or year of school you completed?,H.S. or G.E.D.,Overall,Overall,672,18.7,16.5,20.8,"1,713",%,Crude Prevalence,,,BRFSS,CLASS05,Topic21,11,BO1,CAT1,EDUCA,RESP022,"(38.89037138500049, -77.03196112699965)"
2014,DC,District of Columbia,Demographics,Education,What is the highest grade or year of school you completed?,Some post-H.S.,Overall,Overall,640,20.2,17.9,22.6,"1,714",%,Crude Prevalence,,,BRFSS,CLASS05,Topic21,11,BO1,CAT1,EDUCA,RESP023,"(38.89037138500049, -77.03196112699965)"
2014,DC,District of Columbia,Demographics,Education,What is the highest grade or year of school you completed?,College+,Overall,Overall,"2,457",49.1,46.4,51.8,"1,715",%,Crude Prevalence,,,BRFSS,CLASS05,Topic21,11,BO1,CAT1,EDUCA,RESP024,"(38.89037138500049, -77.03196112699965)"
2014,FL,Florida,Demographics,Education,What is the highest grade or year of school you completed?,Less than H.S.,Overall,Overall,727,14.6,13.4,15.9,"1,731",%,Crude Prevalence,,,BRFSS,CLASS05,Topic21,12,BO1,CAT1,EDUCA,RESP021,"(28.932040377000476, -81.92896053899966)"
2014,FL,Florida,Demographics,Education,What is the highest grade or year of school you completed?,H.S. or G.E.D.,Overall,Overall,"2,560",30.2,28.9,31.4,"1,732",%,Crude Prevalence,,,BRFSS,CLASS05,Topic21,12,BO1,CAT1,EDUCA,RESP022,"(28.932040377000476, -81.92896053899966)"
2014,FL,Florida,Demographics,Education,What is the highest grade or year of school you completed?,Some post-H.S.,Overall,Overall,"2,805",31.2,29.9,32.4,"1,733",%,Crude Prevalence,,,BRFSS,CLASS05,Topic21,12,BO1,CAT1,EDUCA,RESP023,"(28.932040377000476, -81.92896053899966)"
2014,FL,Florida,Demographics,Education,What is the highest grade or year of school you completed?,College+,Overall,Overall,"3,607",24.1,23.1,25,"1,734",%,Crude Prevalence,,,BRFSS,CLASS05,Topic21,12,BO1,CAT1,EDUCA,RESP024,"(28.932040377000476, -81.92896053899966)"
2014,GA,Georgia,Demographics,Education,What is the highest grade or year of school you completed?,Less than H.S.,Overall,Overall,704,16.4,14.8,17.9,"1,726",%,Crude Prevalence,,,BRFSS,CLASS05,Topic21,13,BO1,CAT1,EDUCA,RESP021,"(32.83968109300048, -83.62758034599966)"
2014,GA,Georgia,Demographics,Education,What is the highest grade or year of school you completed?,H.S. or G.E.D.,Overall,Overall,"1,712",29.3,27.8,30.9,"1,727",%,Crude Prevalence,,,BRFSS,CLASS05,Topic21,13,BO1,CAT1,EDUCA,RESP022,"(32.83968109300048, -83.62758034599966)"
2014,GA,Georgia,Demographics,Education,What is the highest grade or year of school you completed?,Some post-H.S.,Overall,Overall,"1,648",29.6,28.1,31.2,"1,728",%,Crude Prevalence,,,BRFSS,CLASS05,Topic21,13,BO1,CAT1,EDUCA,RESP023,"(32.83968109300048, -83.62758034599966)"
2014,GA,Georgia,Demographics,Education,What is the highest grade or year of school you completed?,College+,Overall,Overall,"2,243",24.7,23.5,25.9,"1,729",%,Crude Prevalence,,,BRFSS,CLASS05,Topic21,13,BO1,CAT1,EDUCA,RESP024,"(32.83968109300048, -83.62758034599966)"
2014,HI,Hawaii,Demographics,Education,What is the highest grade or year of school you completed?,Less than H.S.,Overall,Overall,347,9.7,8.4,11,"1,729",%,Crude Prevalence,,,BRFSS,CLASS05,Topic21,15,BO1,CAT1,EDUCA,RESP021,"(21.304850435000446, -157.85774940299973)"
2014,HI,Hawaii,Demographics,Education,What is the highest grade or year of school you completed?,H.S. or G.E.D.,Overall,Overall,"1,947",29.3,27.8,30.8,"1,730",%,Crude Prevalence,,,BRFSS,CLASS05,Topic21,15,BO1,CAT1,EDUCA,RESP022,"(21.304850435000446, -157.85774940299973)"
2014,HI,Hawaii,Demographics,Education,What is the highest grade or year of school you completed?,Some post-H.S.,Overall,Overall,"2,046",33.7,32.1,35.4,"1,731",%,Crude Prevalence,,,BRFSS,CLASS05,Topic21,15,BO1,CAT1,EDUCA,RESP023,"(21.304850435000446, -157.85774940299973)"
2014,HI,Hawaii,Demographics,Education,What is the highest grade or year of school you completed?,College+,Overall,Overall,"2,848",27.3,26,28.6,"1,732",%,Crude Prevalence,,,BRFSS,CLASS05,Topic21,15,BO1,CAT1,EDUCA,RESP024,"(21.304850435000446, -157.85774940299973)"
2014,ID,Idaho,Demographics,Education,What is the highest grade or year of school you completed?,Less than H.S.,Overall,Overall,381,11.9,10.3,13.5,"1,716",%,Crude Prevalence,,,BRFSS,CLASS05,Topic21,16,BO1,CAT1,EDUCA,RESP021,"(43.682630005000476, -114.3637300419997)"
2014,ID,Idaho,Demographics,Education,What is the highest grade or year of school you completed?,H.S. or G.E.D.,Overall,Overall,"1,664",28.8,27,30.5,"1,717",%,Crude Prevalence,,,BRFSS,CLASS05,Topic21,16,BO1,CAT1,EDUCA,RESP022,"(43.682630005000476, -114.3637300419997)"
2014,ID,Idaho,Demographics,Education,What is the highest grade or year of school you completed?,Some post-H.S.,Overall,Overall,"1,733",36.9,35,38.8,"1,718",%,Crude Prevalence,,,BRFSS,CLASS05,Topic21,16,BO1,CAT1,EDUCA,RESP023,"(43.682630005000476, -114.3637300419997)"
2014,ID,Idaho,Demographics,Education,What is the highest grade or year of school you completed?,College+,Overall,Overall,"1,674",22.4,21,23.9,"1,719",%,Crude Prevalence,,,BRFSS,CLASS05,Topic21,16,BO1,CAT1,EDUCA,RESP024,"(43.682630005000476, -114.3637300419997)"
2014,IL,Illinois,Demographics,Education,What is the highest grade or year of school you completed?,Less than H.S.,Overall,Overall,329,13.4,11.8,15,"1,721",%,Crude Prevalence,,,BRFSS,CLASS05,Topic21,17,BO1,CAT1,EDUCA,RESP021,"(40.48501028300046, -88.99771017799969)"
2014,IL,Illinois,Demographics,Education,What is the highest grade or year of school you completed?,H.S. or G.E.D.,Overall,Overall,"1,299",27.6,25.9,29.2,"1,722",%,Crude Prevalence,,,BRFSS,CLASS05,Topic21,17,BO1,CAT1,EDUCA,RESP022,"(40.48501028300046, -88.99771017799969)"
2014,IL,Illinois,Demographics,Education,What is the highest grade or year of school you completed?,Some post-H.S.,Overall,Overall,"1,307",30.6,28.9,32.4,"1,723",%,Crude Prevalence,,,BRFSS,CLASS05,Topic21,17,BO1,CAT1,EDUCA,RESP023,"(40.48501028300046, -88.99771017799969)"
2014,IL,Illinois,Demographics,Education,What is the highest grade or year of school you completed?,College+,Overall,Overall,"2,089",28.4,27,29.9,"1,724",%,Crude Prevalence,,,BRFSS,CLASS05,Topic21,17,BO1,CAT1,EDUCA,RESP024,"(40.48501028300046, -88.99771017799969)"
2014,IN,Indiana,Demographics,Education,What is the highest grade or year of school you completed?,Less than H.S.,Overall,Overall,"1,011",14,12.9,15,"1,727",%,Crude Prevalence,,,BRFSS,CLASS05,Topic21,18,BO1,CAT1,EDUCA,RESP021,"(39.766910452000445, -86.14996019399968)"
2014,IN,Indiana,Demographics,Education,What is the highest grade or year of school you completed?,H.S. or G.E.D.,Overall,Overall,"3,955",34.8,33.6,36,"1,728",%,Crude Prevalence,,,BRFSS,CLASS05,Topic21,18,BO1,CAT1,EDUCA,RESP022,"(39.766910452000445, -86.14996019399968)"
2014,IN,Indiana,Demographics,Education,What is the highest grade or year of school you completed?,Some post-H.S.,Overall,Overall,"2,920",30.5,29.3,31.6,"1,729",%,Crude Prevalence,,,BRFSS,CLASS05,Topic21,18,BO1,CAT1,EDUCA,RESP023,"(39.766910452000445, -86.14996019399968)"
2014,IN,Indiana,Demographics,Education,What is the highest grade or year of school you completed?,College+,Overall,Overall,"3,547",20.8,19.9,21.6,"1,730",%,Crude Prevalence,,,BRFSS,CLASS05,Topic21,18,BO1,CAT1,EDUCA,RESP024,"(39.766910452000445, -86.14996019399968)"
2014,IA,Iowa,Demographics,Education,What is the highest grade or year of school you completed?,Less than H.S.,Overall,Overall,488,9.6,8.5,10.6,"1,726",%,Crude Prevalence,,,BRFSS,CLASS05,Topic21,19,BO1,CAT1,EDUCA,RESP021,"(42.46940091300047, -93.81649055599968)"
2014,IA,Iowa,Demographics,Education,What is the highest grade or year of school you completed?,H.S. or G.E.D.,Overall,Overall,"2,751",32.1,30.8,33.4,"1,727",%,Crude Prevalence,,,BRFSS,CLASS05,Topic21,19,BO1,CAT1,EDUCA,RESP022,"(42.46940091300047, -93.81649055599968)"
2014,IA,Iowa,Demographics,Education,What is the highest grade or year of school you completed?,Some post-H.S.,Overall,Overall,"2,313",34.9,33.5,36.3,"1,728",%,Crude Prevalence,,,BRFSS,CLASS05,Topic21,19,BO1,CAT1,EDUCA,RESP023,"(42.46940091300047, -93.81649055599968)"
2014,IA,Iowa,Demographics,Education,What is the highest grade or year of school you completed?,College+,Overall,Overall,"2,545",23.4,22.4,24.5,"1,729",%,Crude Prevalence,,,BRFSS,CLASS05,Topic21,19,BO1,CAT1,EDUCA,RESP024,"(42.46940091300047, -93.81649055599968)"
2014,KS,Kansas,Demographics,Education,What is the highest grade or year of school you completed?,Less than H.S.,Overall,Overall,836,11.1,10.3,11.9,"1,732",%,Crude Prevalence,,,BRFSS,CLASS05,Topic21,20,BO1,CAT1,EDUCA,RESP021,"(38.34774030000045, -98.20078122699965)"
2014,KS,Kansas,Demographics,Education,What is the highest grade or year of school you completed?,H.S. or G.E.D.,Overall,Overall,"3,858",27.4,26.5,28.3,"1,733",%,Crude Prevalence,,,BRFSS,CLASS05,Topic21,20,BO1,CAT1,EDUCA,RESP022,"(38.34774030000045, -98.20078122699965)"
2014,KS,Kansas,Demographics,Education,What is the highest grade or year of school you completed?,Some post-H.S.,Overall,Overall,"3,999",34.4,33.4,35.4,"1,734",%,Crude Prevalence,,,BRFSS,CLASS05,Topic21,20,BO1,CAT1,EDUCA,RESP023,"(38.34774030000045, -98.20078122699965)"
2014,KS,Kansas,Demographics,Education,What is the highest grade or year of school you completed?,College+,Overall,Overall,"4,974",27,26.2,27.8,"1,735",%,Crude Prevalence,,,BRFSS,CLASS05,Topic21,20,BO1,CAT1,EDUCA,RESP024,"(38.34774030000045, -98.20078122699965)"
2014,KY,Kentucky,Demographics,Education,What is the highest grade or year of school you completed?,Less than H.S.,Overall,Overall,"1,211",17.3,15.8,18.8,"1,727",%,Crude Prevalence,,,BRFSS,CLASS05,Topic21,21,BO1,CAT1,EDUCA,RESP021,"(37.645970271000465, -84.77497104799966)"
2014,KY,Kentucky,Demographics,Education,What is the highest grade or year of school you completed?,H.S. or G.E.D.,Overall,Overall,"3,742",34,32.6,35.5,"1,728",%,Crude Prevalence,,,BRFSS,CLASS05,Topic21,21,BO1,CAT1,EDUCA,RESP022,"(37.645970271000465, -84.77497104799966)"
2014,KY,Kentucky,Demographics,Education,What is the highest grade or year of school you completed?,Some post-H.S.,Overall,Overall,"3,088",29.4,28,30.8,"1,729",%,Crude Prevalence,,,BRFSS,CLASS05,Topic21,21,BO1,CAT1,EDUCA,RESP023,"(37.645970271000465, -84.77497104799966)"
2014,KY,Kentucky,Demographics,Education,What is the highest grade or year of school you completed?,College+,Overall,Overall,"3,094",19.3,18.3,20.3,"1,730",%,Crude Prevalence,,,BRFSS,CLASS05,Topic21,21,BO1,CAT1,EDUCA,RESP024,"(37.645970271000465, -84.77497104799966)"
2014,LA,Louisiana,Demographics,Education,What is the highest grade or year of school you completed?,Less than H.S.,Overall,Overall,819,18,16.6,19.4,"1,729",%,Crude Prevalence,,,BRFSS,CLASS05,Topic21,22,BO1,CAT1,EDUCA,RESP021,"(31.31266064400046, -92.44568007099969)"
2014,LA,Louisiana,Demographics,Education,What is the highest grade or year of school you completed?,H.S. or G.E.D.,Overall,Overall,"2,137",33.9,32.5,35.4,"1,730",%,Crude Prevalence,,,BRFSS,CLASS05,Topic21,22,BO1,CAT1,EDUCA,RESP022,"(31.31266064400046, -92.44568007099969)"
2014,LA,Louisiana,Demographics,Education,What is the highest grade or year of school you completed?,Some post-H.S.,Overall,Overall,"1,813",28.3,26.9,29.6,"1,731",%,Crude Prevalence,,,BRFSS,CLASS05,Topic21,22,BO1,CAT1,EDUCA,RESP023,"(31.31266064400046, -92.44568007099969)"
2014,LA,Louisiana,Demographics,Education,What is the highest grade or year of school you completed?,College+,Overall,Overall,"1,973",19.8,18.8,20.8,"1,732",%,Crude Prevalence,,,BRFSS,CLASS05,Topic21,22,BO1,CAT1,EDUCA,RESP024,"(31.31266064400046, -92.44568007099969)"
2014,ME,Maine,Demographics,Education,What is the highest grade or year of school you completed?,Less than H.S.,Overall,Overall,470,9.4,8.3,10.5,"1,719",%,Crude Prevalence,,,BRFSS,CLASS05,Topic21,23,BO1,CAT1,EDUCA,RESP021,"(45.254228894000505, -68.98503133599962)"
2014,ME,Maine,Demographics,Education,What is the highest grade or year of school you completed?,H.S. or G.E.D.,Overall,Overall,"2,734",34.2,32.8,35.5,"1,720",%,Crude Prevalence,,,BRFSS,CLASS05,Topic21,23,BO1,CAT1,EDUCA,RESP022,"(45.254228894000505, -68.98503133599962)"
2014,ME,Maine,Demographics,Education,What is the highest grade or year of school you completed?,Some post-H.S.,Overall,Overall,"2,358",30.9,29.6,32.2,"1,721",%,Crude Prevalence,,,BRFSS,CLASS05,Topic21,23,BO1,CAT1,EDUCA,RESP023,"(45.254228894000505, -68.98503133599962)"
2014,ME,Maine,Demographics,Education,What is the highest grade or year of school you completed?,College+,Overall,Overall,"3,494",25.6,24.6,26.6,"1,722",%,Crude Prevalence,,,BRFSS,CLASS05,Topic21,23,BO1,CAT1,EDUCA,RESP024,"(45.254228894000505, -68.98503133599962)"
2014,MD,Maryland,Demographics,Education,What is the highest grade or year of school you completed?,Less than H.S.,Overall,Overall,688,11.9,10.5,13.3,"1,732",%,Crude Prevalence,,,BRFSS,CLASS05,Topic21,24,BO1,CAT1,EDUCA,RESP021,"(39.29058096400047, -76.60926011099963)"
2014,MD,Maryland,Demographics,Education,What is the highest grade or year of school you completed?,H.S. or G.E.D.,Overall,Overall,"3,356",26.6,25.1,28.1,"1,733",%,Crude Prevalence,,,BRFSS,CLASS05,Topic21,24,BO1,CAT1,EDUCA,RESP022,"(39.29058096400047, -76.60926011099963)"
2014,MD,Maryland,Demographics,Education,What is the highest grade or year of school you completed?,Some post-H.S.,Overall,Overall,"2,913",28.3,26.8,29.7,"1,734",%,Crude Prevalence,,,BRFSS,CLASS05,Topic21,24,BO1,CAT1,EDUCA,RESP023,"(39.29058096400047, -76.60926011099963)"
2014,MD,Maryland,Demographics,Education,What is the highest grade or year of school you completed?,College+,Overall,Overall,"5,522",33.3,31.9,34.6,"1,735",%,Crude Prevalence,,,BRFSS,CLASS05,Topic21,24,BO1,CAT1,EDUCA,RESP024,"(39.29058096400047, -76.60926011099963)"
2014,MA,Massachusetts,Demographics,Education,What is the highest grade or year of school you completed?,Less than H.S.,Overall,Overall,985,11.2,10.2,12.2,"1,731",%,Crude Prevalence,,,BRFSS,CLASS05,Topic21,25,BO1,CAT1,EDUCA,RESP021,"(42.27687047000046, -72.08269067499964)"
2014,MA,Massachusetts,Demographics,Education,What is the highest grade or year of school you completed?,H.S. or G.E.D.,Overall,Overall,"3,589",26.4,25.2,27.6,"1,732",%,Crude Prevalence,,,BRFSS,CLASS05,Topic21,25,BO1,CAT1,EDUCA,RESP022,"(42.27687047000046, -72.08269067499964)"
2014,MA,Massachusetts,Demographics,Education,What is the highest grade or year of school you completed?,Some post-H.S.,Overall,Overall,"3,737",26.9,25.8,28.1,"1,733",%,Crude Prevalence,,,BRFSS,CLASS05,Topic21,25,BO1,CAT1,EDUCA,RESP023,"(42.27687047000046, -72.08269067499964)"
2014,MA,Massachusetts,Demographics,Education,What is the highest grade or year of school you completed?,College+,Overall,Overall,"7,137",35.5,34.4,36.6,"1,734",%,Crude Prevalence,,,BRFSS,CLASS05,Topic21,25,BO1,CAT1,EDUCA,RESP024,"(42.27687047000046, -72.08269067499964)"
2014,MI,Michigan,Demographics,Education,What is the highest grade or year of school you completed?,Less than H.S.,Overall,Overall,455,11.6,10.4,12.8,"1,733",%,Crude Prevalence,,,BRFSS,CLASS05,Topic21,26,BO1,CAT1,EDUCA,RESP021,"(44.6613195430005, -84.71439026999968)"
2014,MI,Michigan,Demographics,Education,What is the highest grade or year of school you completed?,H.S. or G.E.D.,Overall,Overall,"2,311",30.3,29.1,31.6,"1,734",%,Crude Prevalence,,,BRFSS,CLASS05,Topic21,26,BO1,CAT1,EDUCA,RESP022,"(44.6613195430005, -84.71439026999968)"
2014,MI,Michigan,Demographics,Education,What is the highest grade or year of school you completed?,Some post-H.S.,Overall,Overall,"2,485",34.6,33.3,35.9,"1,735",%,Crude Prevalence,,,BRFSS,CLASS05,Topic21,26,BO1,CAT1,EDUCA,RESP023,"(44.6613195430005, -84.71439026999968)"
2014,MI,Michigan,Demographics,Education,What is the highest grade or year of school you completed?,College+,Overall,Overall,"3,178",23.4,22.5,24.4,"1,736",%,Crude Prevalence,,,BRFSS,CLASS05,Topic21,26,BO1,CAT1,EDUCA,RESP024,"(44.6613195430005, -84.71439026999968)"
2014,MN,Minnesota,Demographics,Education,What is the highest grade or year of school you completed?,Less than H.S.,Overall,Overall,669,9,8.3,9.8,"1,734",%,Crude Prevalence,,,BRFSS,CLASS05,Topic21,27,BO1,CAT1,EDUCA,RESP021,"(46.35564873600049, -94.79420050299967)"
2014,MN,Minnesota,Demographics,Education,What is the highest grade or year of school you completed?,H.S. or G.E.D.,Overall,Overall,"4,089",27,26.2,27.9,"1,735",%,Crude Prevalence,,,BRFSS,CLASS05,Topic21,27,BO1,CAT1,EDUCA,RESP022,"(46.35564873600049, -94.79420050299967)"
2014,MN,Minnesota,Demographics,Education,What is the highest grade or year of school you completed?,Some post-H.S.,Overall,Overall,"5,141",34.4,33.5,35.3,"1,736",%,Crude Prevalence,,,BRFSS,CLASS05,Topic21,27,BO1,CAT1,EDUCA,RESP023,"(46.35564873600049, -94.79420050299967)"
2014,MN,Minnesota,Demographics,Education,What is the highest grade or year of school you completed?,College+,Overall,Overall,"6,434",29.6,28.8,30.3,"1,737",%,Crude Prevalence,,,BRFSS,CLASS05,Topic21,27,BO1,CAT1,EDUCA,RESP024,"(46.35564873600049, -94.79420050299967)"
2014,MS,Mississippi,Demographics,Education,What is the highest grade or year of school you completed?,Less than H.S.,Overall,Overall,582,19.1,17.1,21,"1,710",%,Crude Prevalence,,,BRFSS,CLASS05,Topic21,28,BO1,CAT1,EDUCA,RESP021,"(32.745510099000455, -89.53803082499968)"
2014,MS,Mississippi,Demographics,Education,What is the highest grade or year of school you completed?,H.S. or G.E.D.,Overall,Overall,"1,328",30.2,28.3,32.1,"1,711",%,Crude Prevalence,,,BRFSS,CLASS05,Topic21,28,BO1,CAT1,EDUCA,RESP022,"(32.745510099000455, -89.53803082499968)"
2014,MS,Mississippi,Demographics,Education,What is the highest grade or year of school you completed?,Some post-H.S.,Overall,Overall,"1,096",32.7,30.6,34.8,"1,712",%,Crude Prevalence,,,BRFSS,CLASS05,Topic21,28,BO1,CAT1,EDUCA,RESP023,"(32.745510099000455, -89.53803082499968)"
2014,MS,Mississippi,Demographics,Education,What is the highest grade or year of school you completed?,College+,Overall,Overall,"1,174",18.1,16.8,19.4,"1,713",%,Crude Prevalence,,,BRFSS,CLASS05,Topic21,28,BO1,CAT1,EDUCA,RESP024,"(32.745510099000455, -89.53803082499968)"
2014,MO,Missouri,Demographics,Education,What is the highest grade or year of school you completed?,Less than H.S.,Overall,Overall,703,12.9,11.5,14.2,"1,729",%,Crude Prevalence,,,BRFSS,CLASS05,Topic21,29,BO1,CAT1,EDUCA,RESP021,"(38.635790776000476, -92.56630005299968)"
2014,MO,Missouri,Demographics,Education,What is the highest grade or year of school you completed?,H.S. or G.E.D.,Overall,Overall,"2,331",31.7,30,33.3,"1,730",%,Crude Prevalence,,,BRFSS,CLASS05,Topic21,29,BO1,CAT1,EDUCA,RESP022,"(38.635790776000476, -92.56630005299968)"
2014,MO,Missouri,Demographics,Education,What is the highest grade or year of school you completed?,Some post-H.S.,Overall,Overall,"1,921",31.7,30,33.4,"1,731",%,Crude Prevalence,,,BRFSS,CLASS05,Topic21,29,BO1,CAT1,EDUCA,RESP023,"(38.635790776000476, -92.56630005299968)"
2014,MO,Missouri,Demographics,Education,What is the highest grade or year of school you completed?,College+,Overall,Overall,"2,082",23.8,22.4,25.1,"1,732",%,Crude Prevalence,,,BRFSS,CLASS05,Topic21,29,BO1,CAT1,EDUCA,RESP024,"(38.635790776000476, -92.56630005299968)"
2014,MT,Montana,Demographics,Education,What is the highest grade or year of school you completed?,Less than H.S.,Overall,Overall,481,8.9,7.8,10,"1,718",%,Crude Prevalence,,,BRFSS,CLASS05,Topic21,30,BO1,CAT1,EDUCA,RESP021,"(47.06652897200047, -109.42442064499971)"
2014,MT,Montana,Demographics,Education,What is the highest grade or year of school you completed?,H.S. or G.E.D.,Overall,Overall,"2,248",29.9,28.4,31.4,"1,719",%,Crude Prevalence,,,BRFSS,CLASS05,Topic21,30,BO1,CAT1,EDUCA,RESP022,"(47.06652897200047, -109.42442064499971)"
2014,MT,Montana,Demographics,Education,What is the highest grade or year of school you completed?,Some post-H.S.,Overall,Overall,"2,209",35,33.3,36.6,"1,720",%,Crude Prevalence,,,BRFSS,CLASS05,Topic21,30,BO1,CAT1,EDUCA,RESP023,"(47.06652897200047, -109.42442064499971)"
2014,MT,Montana,Demographics,Education,What is the highest grade or year of school you completed?,College+,Overall,Overall,"2,531",26.2,24.9,27.5,"1,721",%,Crude Prevalence,,,BRFSS,CLASS05,Topic21,30,BO1,CAT1,EDUCA,RESP024,"(47.06652897200047, -109.42442064499971)"
2014,NE,Nebraska,Demographics,Education,What is the highest grade or year of school you completed?,Less than H.S.,Overall,Overall,"1,346",10.5,9.7,11.4,"1,732",%,Crude Prevalence,,,BRFSS,CLASS05,Topic21,31,BO1,CAT1,EDUCA,RESP021,"(41.6410409880005, -99.36572062299967)"
2014,NE,Nebraska,Demographics,Education,What is the highest grade or year of school you completed?,H.S. or G.E.D.,Overall,Overall,"7,609",27.8,26.9,28.7,"1,733",%,Crude Prevalence,,,BRFSS,CLASS05,Topic21,31,BO1,CAT1,EDUCA,RESP022,"(41.6410409880005, -99.36572062299967)"
2014,NE,Nebraska,Demographics,Education,What is the highest grade or year of school you completed?,Some post-H.S.,Overall,Overall,"6,677",35.9,34.8,36.9,"1,734",%,Crude Prevalence,,,BRFSS,CLASS05,Topic21,31,BO1,CAT1,EDUCA,RESP023,"(41.6410409880005, -99.36572062299967)"
2014,NE,Nebraska,Demographics,Education,What is the highest grade or year of school you completed?,College+,Overall,Overall,"6,687",25.8,24.9,26.6,"1,735",%,Crude Prevalence,,,BRFSS,CLASS05,Topic21,31,BO1,CAT1,EDUCA,RESP024,"(41.6410409880005, -99.36572062299967)"
2014,NV,Nevada,Demographics,Education,What is the highest grade or year of school you completed?,Less than H.S.,Overall,Overall,318,16.7,14.4,19,"1,724",%,Crude Prevalence,,,BRFSS,CLASS05,Topic21,32,BO1,CAT1,EDUCA,RESP021,"(39.493240390000494, -117.07184056399967)"
2014,NV,Nevada,Demographics,Education,What is the highest grade or year of school you completed?,H.S. or G.E.D.,Overall,Overall,987,29.7,27.4,32.1,"1,725",%,Crude Prevalence,,,BRFSS,CLASS05,Topic21,32,BO1,CAT1,EDUCA,RESP022,"(39.493240390000494, -117.07184056399967)"
2014,NV,Nevada,Demographics,Education,What is the highest grade or year of school you completed?,Some post-H.S.,Overall,Overall,"1,223",33.7,31.3,36.1,"1,726",%,Crude Prevalence,,,BRFSS,CLASS05,Topic21,32,BO1,CAT1,EDUCA,RESP023,"(39.493240390000494, -117.07184056399967)"
2014,NV,Nevada,Demographics,Education,What is the highest grade or year of school you completed?,College+,Overall,Overall,"1,207",19.9,18.2,21.6,"1,727",%,Crude Prevalence,,,BRFSS,CLASS05,Topic21,32,BO1,CAT1,EDUCA,RESP024,"(39.493240390000494, -117.07184056399967)"
2014,NH,New Hampshire,Demographics,Education,What is the highest grade or year of school you completed?,Less than H.S.,Overall,Overall,291,8.8,7.4,10.2,"1,709",%,Crude Prevalence,,,BRFSS,CLASS05,Topic21,33,BO1,CAT1,EDUCA,RESP021,"(43.65595011300047, -71.50036091999965)"
2014,NH,New Hampshire,Demographics,Education,What is the highest grade or year of school you completed?,H.S. or G.E.D.,Overall,Overall,"1,762",29.8,28.1,31.5,"1,710",%,Crude Prevalence,,,BRFSS,CLASS05,Topic21,33,BO1,CAT1,EDUCA,RESP022,"(43.65595011300047, -71.50036091999965)"
2014,NH,New Hampshire,Demographics,Education,What is the highest grade or year of school you completed?,Some post-H.S.,Overall,Overall,"1,599",30.5,28.8,32.2,"1,711",%,Crude Prevalence,,,BRFSS,CLASS05,Topic21,33,BO1,CAT1,EDUCA,RESP023,"(43.65595011300047, -71.50036091999965)"
2014,NH,New Hampshire,Demographics,Education,What is the highest grade or year of school you completed?,College+,Overall,Overall,"2,488",31,29.5,32.5,"1,712",%,Crude Prevalence,,,BRFSS,CLASS05,Topic21,33,BO1,CAT1,EDUCA,RESP024,"(43.65595011300047, -71.50036091999965)"
2014,NJ,New Jersey,Demographics,Education,What is the highest grade or year of school you completed?,Less than H.S.,Overall,Overall,938,12.5,11.5,13.5,"1,731",%,Crude Prevalence,,,BRFSS,CLASS05,Topic21,34,BO1,CAT1,EDUCA,RESP021,"(40.13057004800049, -74.27369128799967)"
2014,NJ,New Jersey,Demographics,Education,What is the highest grade or year of school you completed?,H.S. or G.E.D.,Overall,Overall,"3,503",29.4,28.2,30.6,"1,732",%,Crude Prevalence,,,BRFSS,CLASS05,Topic21,34,BO1,CAT1,EDUCA,RESP022,"(40.13057004800049, -74.27369128799967)"
2014,NJ,New Jersey,Demographics,Education,What is the highest grade or year of school you completed?,Some post-H.S.,Overall,Overall,"3,130",25.6,24.5,26.8,"1,733",%,Crude Prevalence,,,BRFSS,CLASS05,Topic21,34,BO1,CAT1,EDUCA,RESP023,"(40.13057004800049, -74.27369128799967)"
2014,NJ,New Jersey,Demographics,Education,What is the highest grade or year of school you completed?,College+,Overall,Overall,"5,287",32.5,31.3,33.7,"1,734",%,Crude Prevalence,,,BRFSS,CLASS05,Topic21,34,BO1,CAT1,EDUCA,RESP024,"(40.13057004800049, -74.27369128799967)"
2014,NM,New Mexico,Demographics,Education,What is the highest grade or year of school you completed?,Less than H.S.,Overall,Overall,"1,063",17.4,16,18.7,"1,724",%,Crude Prevalence,,,BRFSS,CLASS05,Topic21,35,BO1,CAT1,EDUCA,RESP021,"(34.52088095200048, -106.24058098499967)"
2014,NM,New Mexico,Demographics,Education,What is the highest grade or year of school you completed?,H.S. or G.E.D.,Overall,Overall,"2,379",26.9,25.4,28.3,"1,725",%,Crude Prevalence,,,BRFSS,CLASS05,Topic21,35,BO1,CAT1,EDUCA,RESP022,"(34.52088095200048, -106.24058098499967)"
2014,NM,New Mexico,Demographics,Education,What is the highest grade or year of school you completed?,Some post-H.S.,Overall,Overall,"2,342",33,31.5,34.6,"1,726",%,Crude Prevalence,,,BRFSS,CLASS05,Topic21,35,BO1,CAT1,EDUCA,RESP023,"(34.52088095200048, -106.24058098499967)"
2014,NM,New Mexico,Demographics,Education,What is the highest grade or year of school you completed?,College+,Overall,Overall,"3,013",22.8,21.6,23.9,"1,727",%,Crude Prevalence,,,BRFSS,CLASS05,Topic21,35,BO1,CAT1,EDUCA,RESP024,"(34.52088095200048, -106.24058098499967)"
2014,NY,New York,Demographics,Education,What is the highest grade or year of school you completed?,Less than H.S.,Overall,Overall,604,15.2,13.9,16.5,"1,727",%,Crude Prevalence,,,BRFSS,CLASS05,Topic21,36,BO1,CAT1,EDUCA,RESP021,"(42.82700103200045, -75.54397042699964)"
2014,NY,New York,Demographics,Education,What is the highest grade or year of school you completed?,H.S. or G.E.D.,Overall,Overall,"1,623",27.2,25.8,28.6,"1,728",%,Crude Prevalence,,,BRFSS,CLASS05,Topic21,36,BO1,CAT1,EDUCA,RESP022,"(42.82700103200045, -75.54397042699964)"
2014,NY,New York,Demographics,Education,What is the highest grade or year of school you completed?,Some post-H.S.,Overall,Overall,"1,573",27.3,25.8,28.7,"1,729",%,Crude Prevalence,,,BRFSS,CLASS05,Topic21,36,BO1,CAT1,EDUCA,RESP023,"(42.82700103200045, -75.54397042699964)"
2014,NY,New York,Demographics,Education,What is the highest grade or year of school you completed?,College+,Overall,Overall,"2,973",30.4,29.1,31.6,"1,730",%,Crude Prevalence,,,BRFSS,CLASS05,Topic21,36,BO1,CAT1,EDUCA,RESP024,"(42.82700103200045, -75.54397042699964)"
2014,NC,North Carolina,Demographics,Education,What is the highest grade or year of school you completed?,Less than H.S.,Overall,Overall,899,15.7,14.6,16.8,"1,728",%,Crude Prevalence,,,BRFSS,CLASS05,Topic21,37,BO1,CAT1,EDUCA,RESP021,"(35.466220975000454, -79.15925046299964)"
2014,NC,North Carolina,Demographics,Education,What is the highest grade or year of school you completed?,H.S. or G.E.D.,Overall,Overall,"2,005",27.6,26.3,28.8,"1,729",%,Crude Prevalence,,,BRFSS,CLASS05,Topic21,37,BO1,CAT1,EDUCA,RESP022,"(35.466220975000454, -79.15925046299964)"
2014,NC,North Carolina,Demographics,Education,What is the highest grade or year of school you completed?,Some post-H.S.,Overall,Overall,"1,922",32.5,31.1,33.8,"1,730",%,Crude Prevalence,,,BRFSS,CLASS05,Topic21,37,BO1,CAT1,EDUCA,RESP023,"(35.466220975000454, -79.15925046299964)"
2014,NC,North Carolina,Demographics,Education,What is the highest grade or year of school you completed?,College+,Overall,Overall,"2,403",24.3,23.3,25.4,"1,731",%,Crude Prevalence,,,BRFSS,CLASS05,Topic21,37,BO1,CAT1,EDUCA,RESP024,"(35.466220975000454, -79.15925046299964)"
2014,ND,North Dakota,Demographics,Education,What is the highest grade or year of school you completed?,Less than H.S.,Overall,Overall,472,9.3,8,10.5,"1,698",%,Crude Prevalence,,,BRFSS,CLASS05,Topic21,38,BO1,CAT1,EDUCA,RESP021,"(47.47531977900047, -100.11842104899966)"
2014,ND,North Dakota,Demographics,Education,What is the highest grade or year of school you completed?,H.S. or G.E.D.,Overall,Overall,"2,331",26.6,25,28.1,"1,699",%,Crude Prevalence,,,BRFSS,CLASS05,Topic21,38,BO1,CAT1,EDUCA,RESP022,"(47.47531977900047, -100.11842104899966)"
2014,ND,North Dakota,Demographics,Education,What is the highest grade or year of school you completed?,Some post-H.S.,Overall,Overall,"2,483",39.2,37.4,41.1,"1,700",%,Crude Prevalence,,,BRFSS,CLASS05,Topic21,38,BO1,CAT1,EDUCA,RESP023,"(47.47531977900047, -100.11842104899966)"
2014,ND,North Dakota,Demographics,Education,What is the highest grade or year of school you completed?,College+,Overall,Overall,"2,448",25,23.5,26.4,"1,701",%,Crude Prevalence,,,BRFSS,CLASS05,Topic21,38,BO1,CAT1,EDUCA,RESP024,"(47.47531977900047, -100.11842104899966)"
2014,OH,Ohio,Demographics,Education,What is the highest grade or year of school you completed?,Less than H.S.,Overall,Overall,842,12.2,11,13.4,"1,731",%,Crude Prevalence,,,BRFSS,CLASS05,Topic21,39,BO1,CAT1,EDUCA,RESP021,"(40.06021014100048, -82.40426005599966)"
2014,OH,Ohio,Demographics,Education,What is the highest grade or year of school you completed?,H.S. or G.E.D.,Overall,Overall,"3,881",34.5,33,35.9,"1,732",%,Crude Prevalence,,,BRFSS,CLASS05,Topic21,39,BO1,CAT1,EDUCA,RESP022,"(40.06021014100048, -82.40426005599966)"
2014,OH,Ohio,Demographics,Education,What is the highest grade or year of school you completed?,Some post-H.S.,Overall,Overall,"2,736",30.6,29.1,32,"1,733",%,Crude Prevalence,,,BRFSS,CLASS05,Topic21,39,BO1,CAT1,EDUCA,RESP023,"(40.06021014100048, -82.40426005599966)"
2014,OH,Ohio,Demographics,Education,What is the highest grade or year of school you completed?,College+,Overall,Overall,"3,418",22.8,21.8,23.8,"1,734",%,Crude Prevalence,,,BRFSS,CLASS05,Topic21,39,BO1,CAT1,EDUCA,RESP024,"(40.06021014100048, -82.40426005599966)"
2014,OK,Oklahoma,Demographics,Education,What is the highest grade or year of school you completed?,Less than H.S.,Overall,Overall,832,14.7,13.6,15.9,"1,732",%,Crude Prevalence,,,BRFSS,CLASS05,Topic21,40,BO1,CAT1,EDUCA,RESP021,"(35.47203135600046, -97.52107021399968)"
2014,OK,Oklahoma,Demographics,Education,What is the highest grade or year of school you completed?,H.S. or G.E.D.,Overall,Overall,"2,706",31.9,30.6,33.2,"1,733",%,Crude Prevalence,,,BRFSS,CLASS05,Topic21,40,BO1,CAT1,EDUCA,RESP022,"(35.47203135600046, -97.52107021399968)"
2014,OK,Oklahoma,Demographics,Education,What is the highest grade or year of school you completed?,Some post-H.S.,Overall,Overall,"2,335",32.4,31.1,33.7,"1,734",%,Crude Prevalence,,,BRFSS,CLASS05,Topic21,40,BO1,CAT1,EDUCA,RESP023,"(35.47203135600046, -97.52107021399968)"
2014,OK,Oklahoma,Demographics,Education,What is the highest grade or year of school you completed?,College+,Overall,Overall,"2,540",21,20,22,"1,735",%,Crude Prevalence,,,BRFSS,CLASS05,Topic21,40,BO1,CAT1,EDUCA,RESP024,"(35.47203135600046, -97.52107021399968)"
2014,OR,Oregon,Demographics,Education,What is the highest grade or year of school you completed?,Less than H.S.,Overall,Overall,285,11.5,9.9,13,"1,723",%,Crude Prevalence,,,BRFSS,CLASS05,Topic21,41,BO1,CAT1,EDUCA,RESP021,"(44.56744942400047, -120.15503132599969)"
2014,OR,Oregon,Demographics,Education,What is the highest grade or year of school you completed?,H.S. or G.E.D.,Overall,Overall,"1,182",25.2,23.6,26.8,"1,724",%,Crude Prevalence,,,BRFSS,CLASS05,Topic21,41,BO1,CAT1,EDUCA,RESP022,"(44.56744942400047, -120.15503132599969)"
2014,OR,Oregon,Demographics,Education,What is the highest grade or year of school you completed?,Some post-H.S.,Overall,Overall,"1,621",36.6,34.8,38.4,"1,725",%,Crude Prevalence,,,BRFSS,CLASS05,Topic21,41,BO1,CAT1,EDUCA,RESP023,"(44.56744942400047, -120.15503132599969)"
2014,OR,Oregon,Demographics,Education,What is the highest grade or year of school you completed?,College+,Overall,Overall,"2,100",26.8,25.4,28.1,"1,726",%,Crude Prevalence,,,BRFSS,CLASS05,Topic21,41,BO1,CAT1,EDUCA,RESP024,"(44.56744942400047, -120.15503132599969)"
2014,PA,Pennsylvania,Demographics,Education,What is the highest grade or year of school you completed?,Less than H.S.,Overall,Overall,774,11.9,10.8,13,"1,727",%,Crude Prevalence,,,BRFSS,CLASS05,Topic21,42,BO1,CAT1,EDUCA,RESP021,"(40.79373015200048, -77.86070029399963)"
2014,PA,Pennsylvania,Demographics,Education,What is the highest grade or year of school you completed?,H.S. or G.E.D.,Overall,Overall,"3,988",36.5,35.2,37.8,"1,728",%,Crude Prevalence,,,BRFSS,CLASS05,Topic21,42,BO1,CAT1,EDUCA,RESP022,"(40.79373015200048, -77.86070029399963)"
2014,PA,Pennsylvania,Demographics,Education,What is the highest grade or year of school you completed?,Some post-H.S.,Overall,Overall,"2,569",26.5,25.3,27.7,"1,729",%,Crude Prevalence,,,BRFSS,CLASS05,Topic21,42,BO1,CAT1,EDUCA,RESP023,"(40.79373015200048, -77.86070029399963)"
2014,PA,Pennsylvania,Demographics,Education,What is the highest grade or year of school you completed?,College+,Overall,Overall,"3,575",25.1,24.1,26.2,"1,730",%,Crude Prevalence,,,BRFSS,CLASS05,Topic21,42,BO1,CAT1,EDUCA,RESP024,"(40.79373015200048, -77.86070029399963)"
2014,RI,Rhode Island,Demographics,Education,What is the highest grade or year of school you completed?,Less than H.S.,Overall,Overall,503,15.1,13.5,16.7,"1,720",%,Crude Prevalence,,,BRFSS,CLASS05,Topic21,44,BO1,CAT1,EDUCA,RESP021,"(41.70828019300046, -71.52247031399963)"
2014,RI,Rhode Island,Demographics,Education,What is the highest grade or year of school you completed?,H.S. or G.E.D.,Overall,Overall,"1,681",27.3,25.7,28.8,"1,721",%,Crude Prevalence,,,BRFSS,CLASS05,Topic21,44,BO1,CAT1,EDUCA,RESP022,"(41.70828019300046, -71.52247031399963)"
2014,RI,Rhode Island,Demographics,Education,What is the highest grade or year of school you completed?,Some post-H.S.,Overall,Overall,"1,523",29.7,28.1,31.4,"1,722",%,Crude Prevalence,,,BRFSS,CLASS05,Topic21,44,BO1,CAT1,EDUCA,RESP023,"(41.70828019300046, -71.52247031399963)"
2014,RI,Rhode Island,Demographics,Education,What is the highest grade or year of school you completed?,College+,Overall,Overall,"2,681",27.9,26.6,29.3,"1,723",%,Crude Prevalence,,,BRFSS,CLASS05,Topic21,44,BO1,CAT1,EDUCA,RESP024,"(41.70828019300046, -71.52247031399963)"
2014,SC,South Carolina,Demographics,Education,What is the highest grade or year of school you completed?,Less than H.S.,Overall,Overall,"1,288",16.2,15.1,17.3,"1,733",%,Crude Prevalence,,,BRFSS,CLASS05,Topic21,45,BO1,CAT1,EDUCA,RESP021,"(33.998821303000454, -81.04537120699968)"
2014,SC,South Carolina,Demographics,Education,What is the highest grade or year of school you completed?,H.S. or G.E.D.,Overall,Overall,"3,228",30.1,28.9,31.3,"1,734",%,Crude Prevalence,,,BRFSS,CLASS05,Topic21,45,BO1,CAT1,EDUCA,RESP022,"(33.998821303000454, -81.04537120699968)"
2014,SC,South Carolina,Demographics,Education,What is the highest grade or year of school you completed?,Some post-H.S.,Overall,Overall,"2,928",31.3,30,32.5,"1,735",%,Crude Prevalence,,,BRFSS,CLASS05,Topic21,45,BO1,CAT1,EDUCA,RESP023,"(33.998821303000454, -81.04537120699968)"
2014,SC,South Carolina,Demographics,Education,What is the highest grade or year of school you completed?,College+,Overall,Overall,"3,511",22.5,21.6,23.5,"1,736",%,Crude Prevalence,,,BRFSS,CLASS05,Topic21,45,BO1,CAT1,EDUCA,RESP024,"(33.998821303000454, -81.04537120699968)"
2014,SD,South Dakota,Demographics,Education,What is the highest grade or year of school you completed?,Less than H.S.,Overall,Overall,496,10.8,9.2,12.4,"1,725",%,Crude Prevalence,,,BRFSS,CLASS05,Topic21,46,BO1,CAT1,EDUCA,RESP021,"(44.353130053000484, -100.3735306369997)"
2014,SD,South Dakota,Demographics,Education,What is the highest grade or year of school you completed?,H.S. or G.E.D.,Overall,Overall,"2,210",31.8,29.9,33.7,"1,726",%,Crude Prevalence,,,BRFSS,CLASS05,Topic21,46,BO1,CAT1,EDUCA,RESP022,"(44.353130053000484, -100.3735306369997)"
2014,SD,South Dakota,Demographics,Education,What is the highest grade or year of school you completed?,Some post-H.S.,Overall,Overall,"2,242",33.6,31.7,35.6,"1,727",%,Crude Prevalence,,,BRFSS,CLASS05,Topic21,46,BO1,CAT1,EDUCA,RESP023,"(44.353130053000484, -100.3735306369997)"
2014,SD,South Dakota,Demographics,Education,What is the highest grade or year of school you completed?,College+,Overall,Overall,"2,418",23.8,22.3,25.3,"1,728",%,Crude Prevalence,,,BRFSS,CLASS05,Topic21,46,BO1,CAT1,EDUCA,RESP024,"(44.353130053000484, -100.3735306369997)"
2014,TN,Tennessee,Demographics,Education,What is the highest grade or year of school you completed?,Less than H.S.,Overall,Overall,650,16,14.3,17.7,"1,720",%,Crude Prevalence,,,BRFSS,CLASS05,Topic21,47,BO1,CAT1,EDUCA,RESP021,"(35.68094058000048, -85.77449091399967)"
2014,TN,Tennessee,Demographics,Education,What is the highest grade or year of school you completed?,H.S. or G.E.D.,Overall,Overall,"1,762",33.5,31.6,35.4,"1,721",%,Crude Prevalence,,,BRFSS,CLASS05,Topic21,47,BO1,CAT1,EDUCA,RESP022,"(35.68094058000048, -85.77449091399967)"
2014,TN,Tennessee,Demographics,Education,What is the highest grade or year of school you completed?,Some post-H.S.,Overall,Overall,"1,256",29.1,27.2,30.9,"1,722",%,Crude Prevalence,,,BRFSS,CLASS05,Topic21,47,BO1,CAT1,EDUCA,RESP023,"(35.68094058000048, -85.77449091399967)"
2014,TN,Tennessee,Demographics,Education,What is the highest grade or year of school you completed?,College+,Overall,Overall,"1,432",21.5,20.1,22.9,"1,723",%,Crude Prevalence,,,BRFSS,CLASS05,Topic21,47,BO1,CAT1,EDUCA,RESP024,"(35.68094058000048, -85.77449091399967)"
2014,TX,Texas,Demographics,Education,What is the highest grade or year of school you completed?,Less than H.S.,Overall,Overall,"2,108",19.4,18.2,20.5,"1,731",%,Crude Prevalence,,,BRFSS,CLASS05,Topic21,48,BO1,CAT1,EDUCA,RESP021,"(31.827240407000488, -99.42677020599967)"
2014,TX,Texas,Demographics,Education,What is the highest grade or year of school you completed?,H.S. or G.E.D.,Overall,Overall,"3,691",26.1,24.9,27.3,"1,732",%,Crude Prevalence,,,BRFSS,CLASS05,Topic21,48,BO1,CAT1,EDUCA,RESP022,"(31.827240407000488, -99.42677020599967)"
2014,TX,Texas,Demographics,Education,What is the highest grade or year of school you completed?,Some post-H.S.,Overall,Overall,"3,866",31.1,29.8,32.3,"1,733",%,Crude Prevalence,,,BRFSS,CLASS05,Topic21,48,BO1,CAT1,EDUCA,RESP023,"(31.827240407000488, -99.42677020599967)"
2014,TX,Texas,Demographics,Education,What is the highest grade or year of school you completed?,College+,Overall,Overall,"5,609",23.5,22.5,24.5,"1,734",%,Crude Prevalence,,,BRFSS,CLASS05,Topic21,48,BO1,CAT1,EDUCA,RESP024,"(31.827240407000488, -99.42677020599967)"
2014,UT,Utah,Demographics,Education,What is the highest grade or year of school you completed?,Less than H.S.,Overall,Overall,780,10,9.2,10.7,"1,731",%,Crude Prevalence,,,BRFSS,CLASS05,Topic21,49,BO1,CAT1,EDUCA,RESP021,"(39.360700171000474, -111.58713063499971)"
2014,UT,Utah,Demographics,Education,What is the highest grade or year of school you completed?,H.S. or G.E.D.,Overall,Overall,"4,026",24.6,23.8,25.4,"1,732",%,Crude Prevalence,,,BRFSS,CLASS05,Topic21,49,BO1,CAT1,EDUCA,RESP022,"(39.360700171000474, -111.58713063499971)"
2014,UT,Utah,Demographics,Education,What is the highest grade or year of school you completed?,Some post-H.S.,Overall,Overall,"4,756",39.6,38.6,40.6,"1,733",%,Crude Prevalence,,,BRFSS,CLASS05,Topic21,49,BO1,CAT1,EDUCA,RESP023,"(39.360700171000474, -111.58713063499971)"
2014,UT,Utah,Demographics,Education,What is the highest grade or year of school you completed?,College+,Overall,Overall,"5,348",25.8,25.1,26.6,"1,734",%,Crude Prevalence,,,BRFSS,CLASS05,Topic21,49,BO1,CAT1,EDUCA,RESP024,"(39.360700171000474, -111.58713063499971)"
2014,VT,Vermont,Demographics,Education,What is the highest grade or year of school you completed?,Less than H.S.,Overall,Overall,314,8.7,7.6,9.9,"1,700",%,Crude Prevalence,,,BRFSS,CLASS05,Topic21,50,BO1,CAT1,EDUCA,RESP021,"(43.62538123900049, -72.51764079099962)"
2014,VT,Vermont,Demographics,Education,What is the highest grade or year of school you completed?,H.S. or G.E.D.,Overall,Overall,"1,868",30.4,29.1,31.8,"1,701",%,Crude Prevalence,,,BRFSS,CLASS05,Topic21,50,BO1,CAT1,EDUCA,RESP022,"(43.62538123900049, -72.51764079099962)"
2014,VT,Vermont,Demographics,Education,What is the highest grade or year of school you completed?,Some post-H.S.,Overall,Overall,"1,468",29.3,27.9,30.8,"1,702",%,Crude Prevalence,,,BRFSS,CLASS05,Topic21,50,BO1,CAT1,EDUCA,RESP023,"(43.62538123900049, -72.51764079099962)"
2014,VT,Vermont,Demographics,Education,What is the highest grade or year of school you completed?,College+,Overall,Overall,"2,778",31.5,30.3,32.8,"1,703",%,Crude Prevalence,,,BRFSS,CLASS05,Topic21,50,BO1,CAT1,EDUCA,RESP024,"(43.62538123900049, -72.51764079099962)"
2014,VA,Virginia,Demographics,Education,What is the highest grade or year of school you completed?,Less than H.S.,Overall,Overall,771,12.9,11.8,14.1,"1,729",%,Crude Prevalence,,,BRFSS,CLASS05,Topic21,51,BO1,CAT1,EDUCA,RESP021,"(37.54268067400045, -78.45789046299967)"
2014,VA,Virginia,Demographics,Education,What is the highest grade or year of school you completed?,H.S. or G.E.D.,Overall,Overall,"2,434",26,24.8,27.2,"1,730",%,Crude Prevalence,,,BRFSS,CLASS05,Topic21,51,BO1,CAT1,EDUCA,RESP022,"(37.54268067400045, -78.45789046299967)"
2014,VA,Virginia,Demographics,Education,What is the highest grade or year of school you completed?,Some post-H.S.,Overall,Overall,"2,388",29.4,28.1,30.7,"1,731",%,Crude Prevalence,,,BRFSS,CLASS05,Topic21,51,BO1,CAT1,EDUCA,RESP023,"(37.54268067400045, -78.45789046299967)"
2014,VA,Virginia,Demographics,Education,What is the highest grade or year of school you completed?,College+,Overall,Overall,"3,819",31.7,30.5,32.8,"1,732",%,Crude Prevalence,,,BRFSS,CLASS05,Topic21,51,BO1,CAT1,EDUCA,RESP024,"(37.54268067400045, -78.45789046299967)"
2014,WA,Washington,Demographics,Education,What is the highest grade or year of school you completed?,Less than H.S.,Overall,Overall,496,11,9.9,12.2,"1,729",%,Crude Prevalence,,,BRFSS,CLASS05,Topic21,53,BO1,CAT1,EDUCA,RESP021,"(47.52227862900048, -120.47001078999972)"
2014,WA,Washington,Demographics,Education,What is the highest grade or year of school you completed?,H.S. or G.E.D.,Overall,Overall,"2,154",24.5,23.3,25.7,"1,730",%,Crude Prevalence,,,BRFSS,CLASS05,Topic21,53,BO1,CAT1,EDUCA,RESP022,"(47.52227862900048, -120.47001078999972)"
2014,WA,Washington,Demographics,Education,What is the highest grade or year of school you completed?,Some post-H.S.,Overall,Overall,"3,025",35.8,34.5,37.2,"1,731",%,Crude Prevalence,,,BRFSS,CLASS05,Topic21,53,BO1,CAT1,EDUCA,RESP023,"(47.52227862900048, -120.47001078999972)"
2014,WA,Washington,Demographics,Education,What is the highest grade or year of school you completed?,College+,Overall,Overall,"4,356",28.7,27.6,29.7,"1,732",%,Crude Prevalence,,,BRFSS,CLASS05,Topic21,53,BO1,CAT1,EDUCA,RESP024,"(47.52227862900048, -120.47001078999972)"
2014,WV,West Virginia,Demographics,Education,What is the highest grade or year of school you completed?,Less than H.S.,Overall,Overall,763,16.6,15.3,17.8,"1,717",%,Crude Prevalence,,,BRFSS,CLASS05,Topic21,54,BO1,CAT1,EDUCA,RESP021,"(38.66551020200046, -80.71264013499967)"
2014,WV,West Virginia,Demographics,Education,What is the highest grade or year of school you completed?,H.S. or G.E.D.,Overall,Overall,"2,370",40.2,38.7,41.7,"1,718",%,Crude Prevalence,,,BRFSS,CLASS05,Topic21,54,BO1,CAT1,EDUCA,RESP022,"(38.66551020200046, -80.71264013499967)"
2014,WV,West Virginia,Demographics,Education,What is the highest grade or year of school you completed?,Some post-H.S.,Overall,Overall,"1,523",26.6,25.2,28,"1,719",%,Crude Prevalence,,,BRFSS,CLASS05,Topic21,54,BO1,CAT1,EDUCA,RESP023,"(38.66551020200046, -80.71264013499967)"
2014,WV,West Virginia,Demographics,Education,What is the highest grade or year of school you completed?,College+,Overall,Overall,"1,519",16.6,15.7,17.6,"1,720",%,Crude Prevalence,,,BRFSS,CLASS05,Topic21,54,BO1,CAT1,EDUCA,RESP024,"(38.66551020200046, -80.71264013499967)"
2014,WI,Wisconsin,Demographics,Education,What is the highest grade or year of school you completed?,Less than H.S.,Overall,Overall,386,10.3,8.9,11.6,"1,722",%,Crude Prevalence,,,BRFSS,CLASS05,Topic21,55,BO1,CAT1,EDUCA,RESP021,"(44.39319117400049, -89.81637074199966)"
2014,WI,Wisconsin,Demographics,Education,What is the highest grade or year of school you completed?,H.S. or G.E.D.,Overall,Overall,"2,342",32.9,31.4,34.5,"1,723",%,Crude Prevalence,,,BRFSS,CLASS05,Topic21,55,BO1,CAT1,EDUCA,RESP022,"(44.39319117400049, -89.81637074199966)"
2014,WI,Wisconsin,Demographics,Education,What is the highest grade or year of school you completed?,Some post-H.S.,Overall,Overall,"2,065",32.5,30.9,34.1,"1,724",%,Crude Prevalence,,,BRFSS,CLASS05,Topic21,55,BO1,CAT1,EDUCA,RESP023,"(44.39319117400049, -89.81637074199966)"
2014,WI,Wisconsin,Demographics,Education,What is the highest grade or year of school you completed?,College+,Overall,Overall,"2,207",24.3,23.1,25.6,"1,725",%,Crude Prevalence,,,BRFSS,CLASS05,Topic21,55,BO1,CAT1,EDUCA,RESP024,"(44.39319117400049, -89.81637074199966)"
2014,WY,Wyoming,Demographics,Education,What is the highest grade or year of school you completed?,Less than H.S.,Overall,Overall,344,8.7,7.3,10.2,"1,720",%,Crude Prevalence,,,BRFSS,CLASS05,Topic21,56,BO1,CAT1,EDUCA,RESP021,"(43.23554134300048, -108.10983035299967)"
2014,WY,Wyoming,Demographics,Education,What is the highest grade or year of school you completed?,H.S. or G.E.D.,Overall,Overall,"1,900",30.2,28.2,32.2,"1,721",%,Crude Prevalence,,,BRFSS,CLASS05,Topic21,56,BO1,CAT1,EDUCA,RESP022,"(43.23554134300048, -108.10983035299967)"
2014,WY,Wyoming,Demographics,Education,What is the highest grade or year of school you completed?,Some post-H.S.,Overall,Overall,"1,949",38.2,36.1,40.4,"1,722",%,Crude Prevalence,,,BRFSS,CLASS05,Topic21,56,BO1,CAT1,EDUCA,RESP023,"(43.23554134300048, -108.10983035299967)"
2014,WY,Wyoming,Demographics,Education,What is the highest grade or year of school you completed?,College+,Overall,Overall,"2,170",22.8,21.3,24.3,"1,723",%,Crude Prevalence,,,BRFSS,CLASS05,Topic21,56,BO1,CAT1,EDUCA,RESP024,"(43.23554134300048, -108.10983035299967)"
2014,GU,Guam,Demographics,Education,What is the highest grade or year of school you completed?,Less than H.S.,Overall,Overall,232,21.4,18.4,24.4,"1,706",%,Crude Prevalence,,,BRFSS,CLASS05,Topic21,66,BO1,CAT1,EDUCA,RESP021,"(13.444304, 144.793731)"
2014,GU,Guam,Demographics,Education,What is the highest grade or year of school you completed?,H.S. or G.E.D.,Overall,Overall,909,34.7,32.2,37.2,"1,707",%,Crude Prevalence,,,BRFSS,CLASS05,Topic21,66,BO1,CAT1,EDUCA,RESP022,"(13.444304, 144.793731)"
2014,GU,Guam,Demographics,Education,What is the highest grade or year of school you completed?,Some post-H.S.,Overall,Overall,592,21.2,19.1,23.3,"1,708",%,Crude Prevalence,,,BRFSS,CLASS05,Topic21,66,BO1,CAT1,EDUCA,RESP023,"(13.444304, 144.793731)"
2014,GU,Guam,Demographics,Education,What is the highest grade or year of school you completed?,College+,Overall,Overall,765,22.7,20.8,24.7,"1,709",%,Crude Prevalence,,,BRFSS,CLASS05,Topic21,66,BO1,CAT1,EDUCA,RESP024,"(13.444304, 144.793731)"
2014,PR,Puerto Rico,Demographics,Education,What is the highest grade or year of school you completed?,Less than H.S.,Overall,Overall,"1,268",27.3,25.7,28.8,"1,601",%,Crude Prevalence,,,BRFSS,CLASS05,Topic21,72,BO1,CAT1,EDUCA,RESP021,"(18.220833, -66.590149)"
2014,PR,Puerto Rico,Demographics,Education,What is the highest grade or year of school you completed?,H.S. or G.E.D.,Overall,Overall,"1,495",26.6,25.1,28,"1,602",%,Crude Prevalence,,,BRFSS,CLASS05,Topic21,72,BO1,CAT1,EDUCA,RESP022,"(18.220833, -66.590149)"
2014,PR,Puerto Rico,Demographics,Education,What is the highest grade or year of school you completed?,Some post-H.S.,Overall,Overall,"1,464",16.7,15.7,17.8,"1,603",%,Crude Prevalence,,,BRFSS,CLASS05,Topic21,72,BO1,CAT1,EDUCA,RESP023,"(18.220833, -66.590149)"
2014,PR,Puerto Rico,Demographics,Education,What is the highest grade or year of school you completed?,College+,Overall,Overall,"1,737",29.4,28,30.9,"1,604",%,Crude Prevalence,,,BRFSS,CLASS05,Topic21,72,BO1,CAT1,EDUCA,RESP024,"(18.220833, -66.590149)"
2014,UW,All States and DC (median) **,Demographics,Education,What is the highest grade or year of school you completed?,Less than H.S.,Overall,Overall,51,12.2,,,"1,716",%,Crude Prevalence,**,,BRFSS,CLASS05,Topic21,98,BO1,CAT1,EDUCA,RESP021,
2014,UW,All States and DC (median) **,Demographics,Education,What is the highest grade or year of school you completed?,H.S. or G.E.D.,Overall,Overall,51,29.4,,,"1,717",%,Crude Prevalence,**,,BRFSS,CLASS05,Topic21,98,BO1,CAT1,EDUCA,RESP022,
2014,UW,All States and DC (median) **,Demographics,Education,What is the highest grade or year of school you completed?,Some post-H.S.,Overall,Overall,51,31.3,,,"1,718",%,Crude Prevalence,**,,BRFSS,CLASS05,Topic21,98,BO1,CAT1,EDUCA,RESP023,
2014,UW,All States and DC (median) **,Demographics,Education,What is the highest grade or year of school you completed?,College+,Overall,Overall,51,24.7,,,"1,719",%,Crude Prevalence,**,,BRFSS,CLASS05,Topic21,98,BO1,CAT1,EDUCA,RESP024,
2014,US,"All States, DC and Territories (median) **",Demographics,Education,What is the highest grade or year of school you completed?,Less than H.S.,Overall,Overall,53,12.5,,,"1,717",%,Crude Prevalence,**,,BRFSS,CLASS05,Topic21,99,BO1,CAT1,EDUCA,RESP021,
2014,US,"All States, DC and Territories (median) **",Demographics,Education,What is the highest grade or year of school you completed?,H.S. or G.E.D.,Overall,Overall,53,29.4,,,"1,718",%,Crude Prevalence,**,,BRFSS,CLASS05,Topic21,99,BO1,CAT1,EDUCA,RESP022,
2014,US,"All States, DC and Territories (median) **",Demographics,Education,What is the highest grade or year of school you completed?,Some post-H.S.,Overall,Overall,53,31.2,,,"1,719",%,Crude Prevalence,**,,BRFSS,CLASS05,Topic21,99,BO1,CAT1,EDUCA,RESP023,
2014,US,"All States, DC and Territories (median) **",Demographics,Education,What is the highest grade or year of school you completed?,College+,Overall,Overall,53,24.7,,,"1,720",%,Crude Prevalence,**,,BRFSS,CLASS05,Topic21,99,BO1,CAT1,EDUCA,RESP024,
